order,run_id,task_id,condition,repeat
1,001_breadth_first_search_L2_r1,breadth_first_search,L2,1
2,002_bucketsort_L5_r1,bucketsort,L5,1
3,003_bitcount_L5_r1,bitcount,L5,1
4,004_longest_common_subsequence_L2_r1,longest_common_subsequence,L2,1
5,005_shunting_yard_L5_r2,shunting_yard,L5,2
6,006_find_first_in_sorted_L5_r2,find_first_in_sorted,L5,2
7,007_bucketsort_L2_r3,bucketsort,L2,3
8,008_possible_change_L2_r1,possible_change,L2,1
9,009_to_base_L2_r2,to_base,L2,2
10,010_possible_change_L2_r3,possible_change,L2,3
11,011_breadth_first_search_L2_r2,breadth_first_search,L2,2
12,012_longest_common_subsequence_L5_r2,longest_common_subsequence,L5,2
13,013_lcs_length_L5_r1,lcs_length,L5,1
14,014_max_sublist_sum_L2_r3,max_sublist_sum,L2,3
15,015_kth_L2_r2,kth,L2,2
16,016_kth_L2_r1,kth,L2,1
17,017_possible_change_L5_r1,possible_change,L5,1
18,018_to_base_L5_r2,to_base,L5,2
19,019_breadth_first_search_L5_r3,breadth_first_search,L5,3
20,020_depth_first_search_L5_r2,depth_first_search,L5,2
21,021_possible_change_L5_r3,possible_change,L5,3
22,022_find_first_in_sorted_L5_r1,find_first_in_sorted,L5,1
23,023_kth_L5_r1,kth,L5,1
24,024_lcs_length_L5_r3,lcs_length,L5,3
25,025_wrap_L2_r3,wrap,L2,3
26,026_max_sublist_sum_L2_r1,max_sublist_sum,L2,1
27,027_rpn_eval_L5_r1,rpn_eval,L5,1
28,028_wrap_L2_r2,wrap,L2,2
29,029_find_first_in_sorted_L5_r3,find_first_in_sorted,L5,3
30,030_max_sublist_sum_L2_r2,max_sublist_sum,L2,2
31,031_shortest_paths_L5_r1,shortest_paths,L5,1
32,032_quicksort_L2_r1,quicksort,L2,1
33,033_longest_common_subsequence_L5_r1,longest_common_subsequence,L5,1
34,034_pascal_L2_r1,pascal,L2,1
35,035_bucketsort_L2_r2,bucketsort,L2,2
36,036_lcs_length_L2_r1,lcs_length,L2,1
37,037_shunting_yard_L5_r1,shunting_yard,L5,1
38,038_pascal_L5_r2,pascal,L5,2
39,039_rpn_eval_L5_r2,rpn_eval,L5,2
40,040_kth_L2_r3,kth,L2,3
41,041_quicksort_L2_r2,quicksort,L2,2
42,042_lis_L5_r2,lis,L5,2
43,043_rpn_eval_L2_r2,rpn_eval,L2,2
44,044_to_base_L2_r1,to_base,L2,1
45,045_find_first_in_sorted_L2_r3,find_first_in_sorted,L2,3
46,046_shortest_paths_L2_r3,shortest_paths,L2,3
47,047_powerset_L2_r3,powerset,L2,3
48,048_breadth_first_search_L5_r2,breadth_first_search,L5,2
49,049_quicksort_L5_r1,quicksort,L5,1
50,050_shunting_yard_L2_r3,shunting_yard,L2,3
51,051_powerset_L5_r3,powerset,L5,3
52,052_lis_L2_r2,lis,L2,2
53,053_possible_change_L5_r2,possible_change,L5,2
54,054_rpn_eval_L2_r3,rpn_eval,L2,3
55,055_bucketsort_L5_r2,bucketsort,L5,2
56,056_depth_first_search_L2_r2,depth_first_search,L2,2
57,057_rpn_eval_L2_r1,rpn_eval,L2,1
58,058_powerset_L5_r2,powerset,L5,2
59,059_shunting_yard_L2_r1,shunting_yard,L2,1
60,060_bitcount_L2_r3,bitcount,L2,3
61,061_kth_L5_r2,kth,L5,2
62,062_knapsack_L2_r1,knapsack,L2,1
63,063_depth_first_search_L2_r3,depth_first_search,L2,3
64,064_quicksort_L5_r2,quicksort,L5,2
65,065_longest_common_subsequence_L5_r3,longest_common_subsequence,L5,3
66,066_longest_common_subsequence_L2_r2,longest_common_subsequence,L2,2
67,067_knapsack_L2_r3,knapsack,L2,3
68,068_lcs_length_L5_r2,lcs_length,L5,2
69,069_bucketsort_L5_r3,bucketsort,L5,3
70,070_to_base_L2_r3,to_base,L2,3
71,071_wrap_L2_r1,wrap,L2,1
72,072_powerset_L5_r1,powerset,L5,1
73,073_wrap_L5_r3,wrap,L5,3
74,074_lcs_length_L2_r2,lcs_length,L2,2
75,075_find_first_in_sorted_L2_r1,find_first_in_sorted,L2,1
76,076_to_base_L5_r3,to_base,L5,3
77,077_quicksort_L5_r3,quicksort,L5,3
78,078_bitcount_L2_r2,bitcount,L2,2
79,079_shortest_paths_L2_r1,shortest_paths,L2,1
80,080_knapsack_L5_r1,knapsack,L5,1
81,081_shortest_paths_L2_r2,shortest_paths,L2,2
82,082_possible_change_L2_r2,possible_change,L2,2
83,083_max_sublist_sum_L5_r1,max_sublist_sum,L5,1
84,084_to_base_L5_r1,to_base,L5,1
85,085_lis_L2_r3,lis,L2,3
86,086_bitcount_L5_r2,bitcount,L5,2
87,087_depth_first_search_L5_r3,depth_first_search,L5,3
88,088_depth_first_search_L2_r1,depth_first_search,L2,1
89,089_shunting_yard_L2_r2,shunting_yard,L2,2
90,090_pascal_L2_r2,pascal,L2,2
91,091_lis_L5_r3,lis,L5,3
92,092_pascal_L5_r3,pascal,L5,3
93,093_wrap_L5_r1,wrap,L5,1
94,094_knapsack_L5_r2,knapsack,L5,2
95,095_depth_first_search_L5_r1,depth_first_search,L5,1
96,096_wrap_L5_r2,wrap,L5,2
97,097_powerset_L2_r2,powerset,L2,2
98,098_rpn_eval_L5_r3,rpn_eval,L5,3
99,099_find_first_in_sorted_L2_r2,find_first_in_sorted,L2,2
100,100_bucketsort_L2_r1,bucketsort,L2,1
101,101_pascal_L5_r1,pascal,L5,1
102,102_max_sublist_sum_L5_r3,max_sublist_sum,L5,3
103,103_longest_common_subsequence_L2_r3,longest_common_subsequence,L2,3
104,104_knapsack_L5_r3,knapsack,L5,3
105,105_max_sublist_sum_L5_r2,max_sublist_sum,L5,2
106,106_bitcount_L2_r1,bitcount,L2,1
107,107_knapsack_L2_r2,knapsack,L2,2
108,108_bitcount_L5_r3,bitcount,L5,3
109,109_lis_L5_r1,lis,L5,1
110,110_shortest_paths_L5_r2,shortest_paths,L5,2
111,111_breadth_first_search_L2_r3,breadth_first_search,L2,3
112,112_shunting_yard_L5_r3,shunting_yard,L5,3
113,113_shortest_paths_L5_r3,shortest_paths,L5,3
114,114_kth_L5_r3,kth,L5,3
115,115_quicksort_L2_r3,quicksort,L2,3
116,116_lis_L2_r1,lis,L2,1
117,117_breadth_first_search_L5_r1,breadth_first_search,L5,1
118,118_lcs_length_L2_r3,lcs_length,L2,3
119,119_pascal_L2_r3,pascal,L2,3
120,120_powerset_L2_r1,powerset,L2,1
